{
	"partitions" : [
		{
			"name" : "Top",
			"pins" : [
				{
					"name" : "A18",
					"strict" : false
				},
				{
					"name" : "C20",
					"strict" : false
				},
				{
					"name" : "D21",
					"strict" : false
				},
				{
					"name" : "E22",
					"strict" : false
				},
				{
					"name" : "F23",
					"strict" : false
				},
				{
					"name" : "G24",
					"strict" : false
				},
				{
					"name" : "A32",
					"strict" : false
				},
				{
					"name" : "C34",
					"strict" : false
				},
				{
					"name" : "D35",
					"strict" : false
				},
				{
					"name" : "E36",
					"strict" : false
				},
				{
					"name" : "F37",
					"strict" : false
				},
				{
					"name" : "G38",
					"strict" : false
				},
				{
					"name" : "Clock",
					"strict" : false
				},
				{
					"name" : "CLRN",
					"strict" : false
				},
				{
					"name" : "Enable",
					"strict" : false
				},
				{
					"name" : "Target[0]",
					"strict" : false
				},
				{
					"name" : "Target[1]",
					"strict" : false
				}
			]
		}
	]
}